subreddit,sanders,trump
bestof,2,1
Lightbulb,1,0
TrueAskReddit,1,0
askphilosophy,1,0
videos,11,12
space,1,1
self,3,0
StarWarsLeaks,1,1
Marvel,1,0
Cynicalbrit,1,0
technology,3,6
fitbit,2,0
atheism,1,2
Aquariums,1,0
pyrocynical,2,0
Flyers,1,0
NoStupidQuestions,2,0
bestofcollege,1,0
streetwear,1,0
Futurology,2,0
ainbow,1,0
CanadaPolitics,1,0
forwardsfromgrandma,1,0
WeAreTheMusicMakers,1,0
sex,1,0
worldnews,6,21
cringepics,1,2
pathofexile,1,0
motorcycles,1,1
vaporents,1,1
askwomenadvice,1,0
samharris,1,0
BobsBurgers,1,0
StarWarsBattlefront,1,0
nsfw,1,1
science,3,1
anime,1,0
changemyview,2,1
civ,1,0
Patriots,1,1
arumba07,1,0
nba,3,0
PipeTobacco,1,0
FULLCOMMUNISM,1,0
AdviceAnimals,7,14
pcgaming,1,2
BuyItForLife,2,0
cats,1,1
DCcomics,1,0
randpaul,1,0
books,3,1
TimAndEric,1,0
LGBTQdebate,1,0
carporn,1,0
DarkNetMarkets,1,0
RocketLeague,1,0
comics,1,1
Games,2,2
funny,9,16
polandball,1,1
gonewild,1,0
bisexual,2,0
ak47,1,0
TumblrInAction,2,2
quityourbullshit,1,0
StarWars,3,1
Stellaris,1,1
AlpharadTV,1,0
Bestbuy,1,0
falloutlore,1,0
Boxing,1,0
ireland,1,0
FantasyPL,1,0
watchpeopledie,1,0
Economics,1,0
iamverysmart,1,0
PAForSanders,2,0
MapPorn,5,0
runescape,1,0
taiwan,1,0
MandelaEffect,1,0
xxfitness,2,0
dataisbeautiful,1,0
childfree,1,0
korea,1,0
Accounting,1,0
MensRights,1,1
orioles,1,0
Eyebleach,1,0
Showerthoughts,5,2
DIY,1,0
AskTrumpSupporters,3,9
OldSchoolCool,1,2
bestoflegaladvice,1,0
ShitLiberalsSay,1,0
CafeRacers,1,0
AskEngineers,1,0
nottheonion,3,3
sports,2,0
Spellweaver,1,0
linux_gaming,1,0
RepublicansForSanders,1,0
pcmasterrace,4,5
starcraft,1,0
SandersForPresident,100,14
Tokyo,1,0
unixporn,1,0
hillaryclinton,7,0
relationships,3,1
LoLGaymers,1,0
glutenfree,1,0
socialskills,1,0
h3h3productions,2,2
Drugs,1,0
TheLastAirbender,1,0
gaming,7,8
NewOrleans,1,0
ipad,1,0
AskWomen,1,0
television,5,5
forhire,1,0
opiates,1,0
DnD,1,0
gameofthrones,1,0
LtCorbis,1,0
politics,41,29
HearthArena,1,0
RealEstate,1,0
Gunners,3,0
Fishing,1,0
hearthstone,4,5
NSALeaks,1,0
Whatcouldgowrong,1,0
mit,1,0
Anarchism,2,0
norge,1,0
JusticeServed,1,0
The_Donald,11,100
PokkenGame,1,0
pussy,1,0
scifi,1,0
legaladvice,1,1
news,10,23
IAmA,3,5
AskMen,1,1
mildlyinteresting,3,3
OnePiece,1,0
Delaware4Sanders,1,0
GradeAUnderA,1,0
StardewValley,2,0
lgbt,1,0
Xenoblade_Chronicles,1,0
thedivision,2,1
GlobalOffensiveTrade,1,0
TrollXChromosomes,2,1
RenewableEnergy,1,0
tipofmytongue,1,0
WTF,3,12
TwoXChromosomes,2,0
Seattle,1,1
Sexsells,1,0
BatmanVsSuperman,1,0
flying,1,0
customhearthstone,1,0
AskReddit,18,23
circlebroke,1,0
Gunsforsale,1,0
Fallout,1,0
PhotoshopRequest,1,0
todayilearned,12,11
skyrimmods,1,0
CollegeBasketball,1,0
AdventureCapitalist,1,0
asoiaf,1,0
raisedbynarcissists,2,0
zootopia,1,0
excel,1,0
MMA,2,1
baseball,1,0
furry,2,0
Planetside,1,0
nfl,1,2
h1z1,1,0
LeafyIsHere,1,0
POLITIC,1,0
architecture,1,0
shield,1,0
BasicIncome,2,0
spotted,1,0
wetheppl,1,0
RealGirls,1,1
oculus,1,0
soccer,4,0
flightsim,1,0
BlackPeopleTwitter,2,5
PetiteGoneWild,1,0
femalefashionadvice,1,0
CompetitiveHS,1,0
RateMyNudeBody,1,0
socialism,3,0
nintendo,1,0
SocialJusticeInAction,1,0
3Dprinting,1,0
mycology,1,0
LiverpoolFC,1,0
Kossacks_for_Sanders,4,0
thewalkingdead,2,0
conspiracy,3,3
Harmontown,1,0
buildapc,1,1
wow,3,1
JUSTNOMIL,1,0
NewYorkForSanders,1,0
Fitness,1,1
Slovakia,1,0
lootcrate,1,0
doctorwho,1,0
personalfinance,2,1
movies,5,7
DC_Cinematic,2,0
BiCommunity,1,0
worldbuilding,1,0
imaginarymaps,1,0
Conservative,2,6
PoliticalDiscussion,3,3
GlobalOffensive,1,0
rupaulsdragrace,1,0
Nootropics,1,0
GetMotivated,1,1
europe,3,2
huntersbell,1,0
SargonofAkkad,1,1
4chan,3,3
FanTheories,1,0
startrek,1,0
DoesAnybodyElse,1,0
Ghostbc,1,0
gifs,5,4
niceguys,1,0
PS4,1,0
golfr,1,0
PersonalFinanceCanada,1,0
Stargate,1,0
totalwar,1,1
Stims,1,0
friendsafari,1,0
Jokes,2,0
SaintsFC,1,0
KingdomDeath,1,0
BravoRealHousewives,1,0
facepalm,1,2
trees,3,0
GolfGTI,1,0
1200isplenty,1,0
hittableFaces,1,0
JusticePorn,1,1
leagueoflegends,2,2
ImGoingToHellForThis,3,6
KerbalSpaceProgram,1,0
OklahomaForSanders,1,0
BannedFromThe_Donald,1,0
swift,1,0
mypartneristrans,1,0
allthingsprotoss,1,0
Art,1,0
formula1,1,1
AppleWatch,1,0
linux4noobs,1,1
linux,1,0
fo4,2,0
tea,1,0
UpliftingNews,1,0
CaliforniaForSanders,1,0
KotakuInAction,2,9
starwarsspeculation,1,1
ProRevenge,1,0
pics,10,20
Christianity,1,0
food,1,3
burstingout,0,1
apple,0,1
RealTrueScienceFacts,0,1
firstimpression,0,1
privacy,0,1
HistoryPorn,0,4
GrandTheftAutoV,0,1
IWantOut,0,1
Cyberpunk,0,1
hiphopheads,0,1
GWNerdy,0,1
ukpolitics,0,1
needadvice,0,1
Netrunner,0,1
trump,0,1
yugioh,0,1
MorbidReality,0,1
drunk,0,1
nasa,0,1
MeanJokes,0,1
lego,0,1
Justrolledintotheshop,0,1
Denver,0,1
Shitstatistssay,0,1
ShinyPorn,0,1
Gotham,0,1
hottiesfortrump,0,1
SCJerk,0,1
european,0,4
OutOfTheLoop,0,1
sportsbook,0,1
Music,0,1
tipofmyjoystick,0,1
InteriorDesign,0,1
boardgames,0,1
worldpolitics,0,2
CringeAnarchy,0,5
canada,0,1
gadgets,0,1
Sverige,0,1
AMA,0,1
feet,0,1
paydaytheheist,0,1
CCW,0,1
RoastMe,0,2
ProgressiveGrowth,0,1
rickandmorty,0,2
Hungergames,0,1
Homebrewing,0,1
polls,0,1
feedthebeast,0,1
DotA2,0,3
NeutralPolitics,0,1
misophonia,0,1
NorthCarolina,0,1
phoneswap,0,1
MonsterMusume,0,1
guildrecruitment,0,1
Libertarian,0,2
oil,0,1
cars,0,1
Tay_Tweets,0,2
cowboys,0,1
me_irl,0,2
dropship,0,1
JenniferLawrence,0,1
melbourne,0,1
Suomi,0,1
undelete,0,3
xboxone,0,1
thatHappened,0,1
Indiana,0,1
GreenBayPackers,0,1
Shitty_Car_Mods,0,1
unitedkingdom,0,1
seduction,0,1
Anarcho_Capitalism,0,1
EmmaStone,0,1
holdthemoan,0,1
guns,0,2
rush,0,1
DetroitRedWings,0,1
australia,0,1
katrinapierson,0,1
MovieSuggestions,0,1
tifu,0,1
rpg,0,1
trendingsubreddits,0,1
TheRedPill,0,1
Jeep,0,1
forsen,0,1
Slackline,0,1
UFOs,0,1
futanari,0,1
jobs,0,1
explainlikeimfive,0,2
alberta,0,1
njpw,0,1
trashy,0,1
toronto,0,1
Undertale,0,3
Dirtybomb,0,1
SquaredCircle,0,2
sydney,0,1
youtubehaiku,0,1
ClashOfClans,0,1
test,0,1
katawashoujo,0,1
casualiama,0,1
TrumpCalifornia,0,1
BreastExpansion,0,1
senrankagura,0,1
wrestlefigs,0,1
skyrim,0,1
TumblrPls,0,1
exmuslim,0,1
Colorado,0,1
ClashRoyale,0,1
pokemon,0,1
halo,0,1
tf2,0,1
cambridge,0,1
bravefrontier,0,1
woahdude,0,1
BabyBumps,0,1
PoliticalVideo,0,1
batman,0,1
arrow,0,1
GoneMild,0,1
Minecraft,0,1
askscience,0,1
Emory,0,1
nosleep,0,1
Overwatch,0,1
Guildwars2,0,1
interstellar,0,1
Advice,0,1
Gamingcirclejerk,0,1
Firearms,0,1
Defenders,0,1
reactiongifs,0,1
photoshopbattles,0,1
republicans,0,1
hardwareswap,0,1
mechanical_gifs,0,1
jailbreak,0,1
HouseOfCards,0,1
HaloCirclejerk,0,1
creepy,0,2
natureismetal,0,1
anime_irl,0,1
Android,0,1
Celebs,0,1
lastweektonight,0,1
AskScienceFiction,0,1
aww,0,1
Rift,0,1
MachineLearning,0,1
im14andthisisdeep,0,1
Ubuntu,0,1